p0_frazzled	https://d8j0ntlcm91z4.cloudfront.net/user_3JHDWSgfVXlB5AsthLhWtRN6FIl/hf_20260927_164106_e815686d-db38-41f6-afba-e6ef7bf9673d.png
p2_booked	https://d8j0ntlcm91z4.cloudfront.net/user_3JHDWSgfVXlB5AsthLhWtRN6FIl/hf_20260927_164106_5f1a1180-36ee-4f8e-bd0e-6eecff6f1a76.png
p3_relaxed	https://d8j0ntlcm91z4.cloudfront.net/user_3JHDWSgfVXlB5AsthLhWtRN6FIl/hf_20260927_164106_1d4f6fd3-a7c9-4265-977c-07d943526693.png
p4_gift	https://d8j0ntlcm91z4.cloudfront.net/user_3JHDWSgfVXlB5AsthLhWtRN6FIl/hf_20260927_164106_a33dbc3f-9dd7-4945-aca9-7a8f0e91e554.png
p6_waitlist	https://d8j0ntlcm91z4.cloudfront.net/user_3JHDWSgfVXlB5AsthLhWtRN6FIl/hf_20260927_164106_e00861cd-c892-4963-bdf4-a11a037e5efe.png
p7_alerts	https://d8j0ntlcm91z4.cloudfront.net/user_3JHDWSgfVXlB5AsthLhWtRN6FIl/hf_20260927_164106_fefcb981-180d-4d42-8fcf-4c2ba7b0ca31.png
p8_wave	https://d8j0ntlcm91z4.cloudfront.net/user_3JHDWSgfVXlB5AsthLhWtRN6FIl/hf_20260927_164106_0656a324-1a66-4836-954f-f2d883ffb86b.png
p9_shield	https://d8j0ntlcm91z4.cloudfront.net/user_3JHDWSgfVXlB5AsthLhWtRN6FIl/hf_20260927_164107_fcc51c7a-fa07-4665-a167-042f44889fd3.png
p1_emptychair	https://d8j0ntlcm91z4.cloudfront.net/user_3JHDWSgfVXlB5AsthLhWtRN6FIl/hf_20260927_164625_9ec5f3e5-d7fb-4aad-b57a-d11e5f64ad7e.png
p5_stamp	https://d8j0ntlcm91z4.cloudfront.net/user_3JHDWSgfVXlB5AsthLhWtRN6FIl/hf_20260927_164625_82728856-630e-4670-b07e-637d7f1ec109.png
