S01	b2d2aad8f1ac40fa97d2013102e4d6f1
S02	454408c7f0764f1085fbbbe58903ff2c
S03	76e675c355f04a7eaaab5e3388306967
S04	f0c042cbf9f041b9b3b889dced919fb2
S05	e6eab5b9665a4f61a0a61b57ab7a02bc
S06	d8cd3fdf3766409c94e6990f26c2692b
S07	9cd8bfa8d85c4f8cb5dbf19a47deaa8e
S08	0a44c16dd2b24f1bb2e921260c32661f
S09	f9dc354d788a43ffa8d9ca52b7ddb75f
S10	150cdad45b8045de89322b33a4622bd7
S11	2efc1e1e46204eb480388bb84b094405
S12	ff0d021ab3954b0b9c8241d05f4d7da7
S13	8fa7d99439994443b82d1737f8d8566f
S14	0163069dc3094c08b2efb6a830d86a50
S15	515e0f7c8c764250b308f44bf67e26e7
S16	7aa412cda7fb43f0ab65f17c1e220301
S17	df47ecd912044ba7a5336fe5dd370e87
S18	40dd87d6e0624e76823341109114a287
S19	2e4cf3061dd54cf49668be23c15776bc
S20	18bb26fbf8fe40e6b83b191cf7c94807
S21	0c246cf275be438994f4a2c78bf27a40
S22	03d34cc1028141abb9fac9c9fa11cdc1
S23	a7763c9dd8e94a749e62d478098bbfb9
C01	a9b863026c4d4734b4e823831bd2efe4
C02	835efe550c6f4bd5897a5643aff9587e
C03	9f0ecf886739407eb9400200a869237e
C04	ab94ec040e2b49abbfe8c6de638f7b2d
C05	1ad39e16640a490bb3a666a0dc70b220
C06	7b311e53712b453d906d036255fc177d
C07	c72e54162e4247d1817ea6528e31a047
C08	c9f1b424dd8643e2b3258317406e5853
C09	e2b13343f3e645b397d80fcab4705c5d
C10	662c0f3742a44549832b82aebcd5100d
C11	9aa8adc26a0b488c803a6fb0585dbbad
C12	880ee8665d1241e9bb8538a29e1774c2
O01	1ce09e83834849ed898f90417fc88468
O02	419db6658c364a5898de3d4392d0888c
O03	627541acb3cc45869e066eff5ac49f4a
O04	d05768efd68944a092de0c5dfd89c897
O05	77e9bb69002b459f996acda0cac5e964
O06	a31fffabcdc24a9e8fc9772997e080e2
O07	772093283dc140a8b1210b71f3736fd4
O08	752e09c26f504884abac15ac09846304
O09	f0a3679e737d415696387f071db9afcf
O10	463c837dbbdb466986d86d5b0a3d83b2
O11	2e2bd4dbeb5443ae960a8a384e20e7f3
